"ID","Description","GeneRatio","BgRatio","pvalue","p.adjust","qvalue","geneID","Count"
"GO:0062023","collagen-containing extracellular matrix","207/2759","466/22568",9.55595960686136e-69,5.74313172372368e-66,4.31527018036161e-66,"DCN/SEMA3B/MARCO/TIMP2/TNC/USH2A/LTBP1/ELN/COL23A1/LAMA3/ENTPD2/CBLN4/F7/LAMC2/COL11A1/GPC1/NTN1/FGFR2/PKM/NTN4/FBLN1/COL5A3/COL4A4/COL19A1/COL16A1/ADAMTS2/MMP2/NID2/LTBP4/ICAM1/P3H2/LAMB1/ANGPT2/TGFB2/LGALS1/TIMP3/PDGFB/CTSZ/ANGPT4/MXRA5/SRPX/TIMP1/CBLN1/SFRP1/TGFB1/PCOLCE/SERPINE1/PLOD3/RARRES2/OGN/ASPN/ECM2/CXCL12/ACTA2/COL1A1/VTN/SOD3/HPX/MDK/VWF/MGP/COL12A1/SMOC2/LAMA4/LOX/SPARC/COL7A1/EFEMP1/TNR/ANGPTL1/NID1/ZP4/F3/CCN2/LTBP2/TGFB3/TGFBI/CLU/FMOD/NDP/SERPINB6/LOXL1/APOE/PXDN/GDF15/COL5A1/LAMA5/FIBCD1/LGALS3/RTBDN/MATN3/SERPINF1/ITGB4/MATN2/BCAN/POSTN/LOXL2/WNT2B/COL4A2/ADAMTS8/ANXA1/ADAM19/LAMC1/ANGPTL2/IGFBPL1/EMILIN1/LOXL4/CILP/SEMA7A/MMRN1/FRAS1/FBN2/COL2A1/INHBE/FBLN5/PCSK6/HAPLN3/MFGE8/TGFB1I1/CDH13/COL6A2/ADAMTS10/HSPG2/CCN1/HMCN1/ADAMTSL4/FLG/LEFTY2/COL8A1/HAPLN1/HMCN2/SERPING1/SERPINH1/SPARCL1/ANGPT1/ADAMTS5/ADAMTS3/ACAN/COLEC12/COL26A1/SDC3/IGFBP7/FBLN2/ADAMTS9/ANXA5/EDIL3/EGFLAM/SHH/COL1A2/SBSPON/CTHRC1/HTRA1/ADAMTS15/FBN1/SERPINB8/MFAP4/SERPINB12/GREM1/LTBP3/NPNT/COL4A3/THBS3/COL24A1/COL8A2/ANGPTL7/LAMB2/LRRC15/ADAMTS20/CTSF/PODN/NPPA/A2M/CD151/VWA1/SSC5D/BGN/MXRA7/ANXA2/FREM3/GPC6/COL4A1/EYS/AGRN/PLSCR1/ZP3/COL25A1/PRELP/SERPINA3/S100A4/LAMA2/LAMB3/ANXA4/ANXA6/COL13A1/COL4A6/MFAP5/S100A10/S100A6/EGFL6/COL11A2/COL5A2/VIT/COL6A6/COLQ/COL28A1/SPON1/GDF10",207
"GO:0005604","basement membrane","55/2759","91/22568",1.22137230543955e-27,3.67022377784583e-25,2.75773010017666e-25,"TNC/USH2A/COL23A1/LAMA3/ENTPD2/LAMC2/NTN1/NTN4/FBLN1/COL4A4/NID2/P3H2/LAMB1/TIMP3/TIMP1/ACTA2/VTN/SMOC2/LAMA4/SPARC/COL7A1/NID1/TGFBI/LOXL1/PXDN/COL5A1/LAMA5/SERPINF1/ITGB4/LOXL2/COL4A2/LAMC1/FRAS1/COL2A1/HSPG2/HMCN1/COL8A1/EGFLAM/FBN1/NPNT/COL4A3/COL8A2/LAMB2/CD151/VWA1/ANXA2/FREM3/COL4A1/AGRN/LAMA2/LAMB3/COL4A6/EGFL6/COLQ/COL28A1",55
"GO:0005788","endoplasmic reticulum lumen","105/2759","337/22568",1.88156378437033e-20,3.7693994480219e-18,2.83224864384166e-18,"TMEM132A/FMO1/PLAUR/TNC/CP/LTBP1/COL23A1/F7/COL11A1/ARSF/PDIA5/FSTL3/P4HA2/PTGS2/EDN1/COL5A3/AFP/COL4A4/COL19A1/COL16A1/ERO1B/CHGB/P3H2/LAMB1/LGALS1/PDGFB/APOL1/CTSZ/CST3/TIMP1/PLOD3/WNT3/COL1A1/VTN/COL12A1/STC2/COL7A1/GPX7/CASQ2/SPP1/CLU/FLT3/WNT1/BMP4/F10/APOE/COL5A1/MATN3/COL4A2/LAMC1/IL6/MTTP/ERP27/COL2A1/SLC27A2/MFGE8/COL6A2/RCN3/CCN1/ADAMTSL4/COL8A1/PDGFC/IGFBP3/SERPING1/SERPINH1/P4HA3/PRSS23/SPARCL1/DMP1/MEPE/WNT3A/ADAMTS5/WNT7A/ARSL/COL26A1/FSTL1/IGFBP7/MELTF/GPX8/SHH/COL1A2/FBN1/B2M/IL12A/COL4A3/COL24A1/COL8A2/LAMB2/BDNF/FAM20C/ADAMTSL1/VWA1/ARSJ/ARSI/COL4A1/COL25A1/PDGFA/COL13A1/COL4A6/COLGALT2/COL11A2/COL5A2/COL28A1/C4A/SPON1",105
"GO:0005581","collagen trimer","43/2759","94/22568",8.25396234182201e-16,1.24015784185876e-13,9.31828906484643e-14,"MARCO/COL23A1/COL11A1/COL5A3/COL4A4/COL19A1/COL16A1/COL1A1/COL12A1/LOX/COL7A1/COL5A1/C1QL1/SFTPD/COL4A2/WDR33/EMILIN1/COL2A1/COL6A2/C1QL2/COL8A1/COLEC12/COL26A1/C1QTNF7/COL1A2/CTHRC1/C1QL3/SCARA3/COL4A3/COL24A1/COL8A2/CCBE1/COLEC10/GLDN/COL4A1/COL25A1/COL13A1/COL4A6/COL11A2/COL5A2/COL6A6/COLQ/COL28A1",43
"GO:0097060","synaptic membrane","111/2759","428/22568",4.66180988613328e-15,5.60349548313221e-13,4.21035040242353e-13,"ITGA3/SYT7/CNTN1/GABRA1/ANK1/MUSK/CDH10/ATP2B4/CACNG5/ACTN2/ITGA8/CHRNA3/OPRK1/SYDE2/NRP1/P2RX6/CHRNA4/SYNDIG1/GLRA2/KCND1/CBLN1/SYDE1/GABRA4/CRYAB/KCNA1/CDH9/GABRG2/OTOF/SLC5A7/GRIN3B/IGSF21/CHRNB4/SLC16A7/CHRNA2/KCNJ2/PDLIM4/EPHB2/CNTN6/HTR1B/SLC9A5/KCNK1/DGKB/GAD2/UNC13C/ERBB2/GRIP2/GLRA3/GABRA6/TENM2/CHRNA6/DRD2/HTR3B/ITGB1/CDH8/GPR158/CACNA1C/GABRA2/GRID2/GRIA4/FARP1/GRM1/GRIA1/ADCY8/GRIP1/ATP2B2/HTR5A/ITGA5/LRRTM1/KCNJ3/GABRG1/ADORA1/GRM2/IL31RA/ADCY1/GPER1/SLC6A5/KCNC2/STX3/CHRM1/IL1RAPL1/CHRNA9/CNTNAP2/CHRNA7/FOSL1/GRIN1/KCNA3/KCNA2/SLITRK1/STX19/CHRM2/F2R/KCTD8/CNTN2/KCND2/DRD1/CHRM5/SEMA4B/SHC4/RGS7BP/SHISA7/SHISA6/PTPRT/GRM7/NTNG2/SLC6A9/SCN8A/COL13A1/GRIN3A/GRM3/SHISA9/GPR179",111
"GO:0032432","actin filament bundle","38/2759","81/22568",1.40135193755565e-14,1.40368752411824e-12,1.05470172142346e-12,"LIMA1/CNN2/MYLK/ACTN1/NEBL/TRIP6/PXN/SORBS1/MYH9/MYL9/MYL12A/PDLIM1/ACTA2/CRYAB/PLS1/PDLIM2/SEPTIN7/PALLD/PDLIM4/FLNB/LCP1/TPM1/ACTA1/LPP/BAG3/SHROOM4/ZYX/FBLIM1/PDLIM5/TPM4/FAM107A/SYNPO/SYNPO2/FHL3/RFLNB/GAS2L1/PDLIM7/FLNA",38
"GO:0030018","Z disc","52/2759","141/22568",4.55297764959551e-14,3.909056524867e-12,2.93718407770898e-12,"ANK1/ATP2B4/ACTN1/SRI/ACTN2/NEBL/KCNN2/CAPN3/MYL9/MYL12A/HSPB1/PDLIM1/CRYAB/FHL2/CASQ2/MYOT/PDLIM2/FLNC/PALLD/KCNA5/ACTN4/PDLIM4/FLNB/JPH2/CACNA1C/BAG3/CSRP1/SYNC/NEXN/PDLIM5/KRT8/SYNPO/MYOZ2/SYNPO2/KY/DES/CSRP2/MYOZ1/PLEC/KCNE1/FHL3/SCN5A/PRKD1/PARVB/RYR1/SCN8A/PDLIM7/FLNA/FBXL22/PARVA/NRAP/MYZAP",52
"GO:0031674","I band","55/2759","155/22568",5.62013773636232e-14,4.2221284744422e-12,3.17241985381505e-12,"ANK1/ATP2B4/ACTN1/SRI/ACTN2/NEBL/KCNN2/CACNA1S/CAPN3/MYL9/MYL12A/HSPB1/PDLIM1/CRYAB/FHL2/CASQ2/MYOT/PDLIM2/FLNC/PALLD/KCNA5/ACTN4/PDLIM4/FLNB/ANKRD1/JPH2/CACNA1C/BAG3/CSRP1/ACTC1/SYNC/NEXN/PDLIM5/KRT8/SYNPO/MYOZ2/SYNPO2/KY/DES/CSRP2/MYOZ1/PLEC/KCNE1/FHL3/SCN5A/PRKD1/PARVB/RYR1/SCN8A/PDLIM7/FLNA/FBXL22/PARVA/NRAP/MYZAP",55
"GO:0045211","postsynaptic membrane","85/2759","305/22568",1.06083176532218e-13,7.08399878842921e-12,5.32276991021304e-12,"ITGA3/CNTN1/GABRA1/ANK1/MUSK/CDH10/CACNG5/ACTN2/ITGA8/CHRNA3/OPRK1/NRP1/P2RX6/CHRNA4/SYNDIG1/GLRA2/KCND1/CBLN1/GABRA4/KCNA1/CDH9/GABRG2/GRIN3B/IGSF21/CHRNB4/SLC16A7/CHRNA2/KCNJ2/PDLIM4/EPHB2/SLC9A5/DGKB/GRIP2/GLRA3/GABRA6/TENM2/CHRNA6/DRD2/HTR3B/GPR158/CACNA1C/GABRA2/GRID2/GRIA4/FARP1/GRM1/GRIA1/GRIP1/ATP2B2/HTR5A/ITGA5/LRRTM1/GABRG1/ADORA1/ADCY1/KCNC2/CHRM1/IL1RAPL1/CHRNA9/CHRNA7/GRIN1/KCNA3/KCNA2/SLITRK1/CHRM2/F2R/KCTD8/CNTN2/KCND2/DRD1/CHRM5/SEMA4B/SHC4/RGS7BP/SHISA7/SHISA6/PTPRT/GRM7/SLC6A9/SCN8A/COL13A1/GRIN3A/GRM3/SHISA9/GPR179",85
"GO:0043292","contractile fiber","76/2759","260/22568",1.47503357855947e-13,8.86495180714243e-12,6.66094110738962e-12,"ANK1/VCL/MYOM2/ATP2B4/ACTN1/SRI/ACTN2/NEBL/KCNN2/CACNA1S/MMP2/CAPN3/MYL9/MYL12A/HSPB1/PDLIM1/ACTA2/CRYAB/FHL2/CASQ2/MYOT/PDLIM2/LRRC39/CALD1/SDC4/AHNAK/FLNC/PALLD/KCNA5/ACTN4/IDO1/PDLIM4/MYH11/FLNB/TMOD1/TMOD3/TPM1/ACTA1/ANKRD1/JPH2/CACNA1C/BAG3/CSRP1/ACTC1/SYNC/NEXN/PDLIM5/LMOD1/TPM4/MYL1/NPNT/KRT8/SYNPO/MYOZ2/SYNPO2/KY/DES/CSRP2/MYOZ1/PLEC/KCNE1/SYNM/FHL3/SCN5A/PRKD1/AHNAK2/PARVB/RYR1/SCN8A/PDLIM7/FLNA/SVIL/FBXL22/PARVA/NRAP/MYZAP",76
"GO:0001725","stress fiber","34/2759","72/22568",2.67909387029174e-13,1.34177951337111e-11,1.00818532487294e-11,"LIMA1/CNN2/MYLK/ACTN1/NEBL/TRIP6/PXN/SORBS1/MYH9/MYL9/MYL12A/PDLIM1/ACTA2/PDLIM2/SEPTIN7/PALLD/PDLIM4/FLNB/LCP1/TPM1/ACTA1/LPP/BAG3/SHROOM4/ZYX/FBLIM1/PDLIM5/TPM4/FAM107A/SYNPO/SYNPO2/FHL3/GAS2L1/PDLIM7",34
"GO:0097517","contractile actin filament bundle","34/2759","72/22568",2.67909387029174e-13,1.34177951337111e-11,1.00818532487294e-11,"LIMA1/CNN2/MYLK/ACTN1/NEBL/TRIP6/PXN/SORBS1/MYH9/MYL9/MYL12A/PDLIM1/ACTA2/PDLIM2/SEPTIN7/PALLD/PDLIM4/FLNB/LCP1/TPM1/ACTA1/LPP/BAG3/SHROOM4/ZYX/FBLIM1/PDLIM5/TPM4/FAM107A/SYNPO/SYNPO2/FHL3/GAS2L1/PDLIM7",34
"GO:0034702","monoatomic ion channel complex","88/2759","328/22568",4.15622874505005e-13,1.92145651982699e-11,1.4437426167016e-11,"CFTR/MCUB/ABCC8/GABRA1/KCNG1/KCNQ1/CNGB1/TRPC5/CACNG5/CHRNA3/CACNA1S/KCNK2/KCNH4/SLC17A6/CHRNA4/GLRA2/KCND1/KCNN4/SLC17A7/KCNN1/GABRA4/KCNA1/GABRG2/PDE4D/GRIN3B/KCNQ4/CHRNB4/CASQ2/CHRNA2/KCNJ2/KCNS1/BEST3/KCNA5/DPP6/ANO1/CATSPERB/KCNK1/TTYH3/TRPC6/CACNA1A/GLRA3/GABRA6/CHRNA6/HTR3B/CACNA1C/GABRA2/GRID2/GRIA4/KCNJ16/CACNA2D1/GRIA1/CACHD1/CLIC6/LRRC52/KCNJ3/GABRG1/KCNV1/KCNC2/CHRFAM7A/CATSPER2/SCN11A/KCNAB1/CLIC4/KCNAB3/CNGB3/KCNS3/CHRNA9/CNTNAP2/CHRNA7/GRIN1/SCN4B/ANO6/KCNA3/KCNA2/KCNG2/KCNE1/SCN5A/KCNQ3/KCND2/KCNJ11/SHISA7/SHISA6/RYR1/SCN8A/CNGA1/GRIN3A/CLIC1/SHISA9",88
"GO:0030016","myofibril","72/2759","250/22568",1.42353199891595e-12,6.11101950963204e-11,4.59169344011235e-11,"ANK1/VCL/MYOM2/ATP2B4/ACTN1/SRI/ACTN2/NEBL/KCNN2/CACNA1S/MMP2/CAPN3/MYL9/MYL12A/HSPB1/PDLIM1/CRYAB/FHL2/CASQ2/MYOT/PDLIM2/LRRC39/CALD1/SDC4/AHNAK/FLNC/PALLD/KCNA5/ACTN4/PDLIM4/FLNB/TMOD1/TMOD3/TPM1/ACTA1/ANKRD1/JPH2/CACNA1C/BAG3/CSRP1/ACTC1/SYNC/NEXN/PDLIM5/LMOD1/TPM4/MYL1/KRT8/SYNPO/MYOZ2/SYNPO2/KY/DES/CSRP2/MYOZ1/PLEC/KCNE1/SYNM/FHL3/SCN5A/PRKD1/AHNAK2/PARVB/RYR1/SCN8A/PDLIM7/FLNA/SVIL/FBXL22/PARVA/NRAP/MYZAP",72
"GO:0045178","basal part of cell","87/2759","330/22568",1.61092786472963e-12,6.4544509780167e-11,4.84974072960709e-11,"CD38/ITGA3/PHLDB1/CD44/ANK1/KCNQ1/ATP2B4/ERBB3/TFRC/ATP12A/SLC46A1/EDN1/SLCO1A2/B4GALT1/SLC7A8/EZR/DSP/PDGFB/MLC1/SLC7A5/SLC1A5/NOD1/ABCC3/FOLR1/SLCO1B3/NEDD9/SLC16A10/OTOF/OSCP1/KCNQ4/CA14/SLC16A7/ITGB4/FLOT2/ANXA1/SLC26A10P/CLCA2/MTTP/SLCO1C1/RHCG/IQGAP1/ABCA8/SLC16A3/ERBB2/SLC4A10/ITGA9/SLC26A1/SLC22A3/MSN/SLC26A7/SLC22A8/SLC16A12/MARVELD2/KCNJ16/SLC7A7/ADCY8/ATP2B2/MEGF11/WASF2/SLC13A3/SHROOM4/CD1D/PDPN/CLDN1/ADORA1/CLRN1/CLDN19/HPGD/ITGA2/AQP3/TSHR/KCNC2/ADAM9/P2RY6/AQP4/SLCO4C1/CD34/SLCO2A1/SLC9A4/ANXA2/CADM1/SLC4A5/SLC6A9/C5AR1/MYO1C/SLC22A6/ALPK2",87
"GO:0005925","focal adhesion","116/2759","495/22568",2.03076001003038e-12,7.62804228767662e-11,5.73155292304627e-11,"CD99/ABCB4/ITGA3/ITGA2B/CD9/MRC2/PLAUR/FHL1/VIM/CD44/ARHGAP31/VCL/TNC/CTNNA1/LIMA1/CNN2/TLE2/ACTN1/LIMS2/ACTN2/ITGA8/TNS1/PTPRC/CD59/NOX4/TRIP6/CASS4/ASAP3/PXN/ICAM1/ITGA6/EZR/SORBS1/NRP1/MYH9/PROCR/CAV2/CAV1/HSPB1/ENG/PDLIM1/TRPV4/NEDD9/PTK7/ITGA4/FHL2/CNN3/PLAU/ADGRE5/SDC4/AHNAK/VASP/RRAS/CDC42EP1/FLNC/PALLD/AJUBA/CNN1/ACTN4/PPFIA1/ITGB4/FLOT2/ANXA1/SLC9A5/FLNB/THSD1/LCP1/TLN1/ITGA11/ITGAV/ITGB7/IQGAP1/TGFB1I1/CDH13/HSPG2/RHOB/LPP/MSN/ZNF185/RSU1/ITGB1/ENAH/MMP14/SHROOM4/CSRP1/ACTC1/ZYX/SHC1/ITGA5/FBLIM1/NEXN/DDR2/CAPN2/RPL9/ANXA5/ITGA2/B2M/TPM4/FAM107A/ADAM9/LIMS1/SYNPO2/CSRP2/RHOG/CD151/PLEC/FHL3/PARVB/PDLIM7/FLNA/ANXA6/SVIL/PARVA/PPP1CB/SCARF2/PRAG1",116
"GO:0009925","basal plasma membrane","83/2759","311/22568",2.60068316559946e-12,9.1941798972075e-11,6.90831627270692e-11,"CD38/ITGA3/CD44/ANK1/KCNQ1/ATP2B4/ERBB3/TFRC/ATP12A/SLC46A1/SLCO1A2/B4GALT1/SLC7A8/EZR/DSP/PDGFB/MLC1/SLC7A5/SLC1A5/NOD1/ABCC3/FOLR1/SLCO1B3/NEDD9/SLC16A10/OTOF/OSCP1/KCNQ4/CA14/SLC16A7/ITGB4/FLOT2/ANXA1/SLC26A10P/CLCA2/MTTP/SLCO1C1/RHCG/IQGAP1/ABCA8/SLC16A3/ERBB2/SLC4A10/ITGA9/SLC26A1/SLC22A3/MSN/SLC26A7/SLC22A8/SLC16A12/MARVELD2/KCNJ16/SLC7A7/ADCY8/ATP2B2/MEGF11/WASF2/SLC13A3/SHROOM4/CD1D/PDPN/CLDN1/ADORA1/CLDN19/HPGD/AQP3/TSHR/KCNC2/ADAM9/P2RY6/AQP4/SLCO4C1/CD34/SLCO2A1/SLC9A4/ANXA2/CADM1/SLC4A5/SLC6A9/C5AR1/MYO1C/SLC22A6/ALPK2",83
"GO:0042641","actomyosin","34/2759","78/22568",4.61810445447132e-12,1.54193376507626e-10,1.15857708243754e-10,"LIMA1/CNN2/MYLK/ACTN1/NEBL/TRIP6/PXN/SORBS1/MYH9/MYL9/MYL12A/PDLIM1/ACTA2/PDLIM2/SEPTIN7/PALLD/PDLIM4/FLNB/LCP1/TPM1/ACTA1/LPP/BAG3/SHROOM4/ZYX/FBLIM1/PDLIM5/TPM4/FAM107A/SYNPO/SYNPO2/FHL3/GAS2L1/PDLIM7",34
"GO:0030017","sarcomere","65/2759","229/22568",3.45244135347751e-11,1.09206171233683e-09,8.20552543291885e-10,"ANK1/MYOM2/ATP2B4/ACTN1/SRI/ACTN2/NEBL/KCNN2/CACNA1S/MMP2/CAPN3/MYL9/MYL12A/HSPB1/PDLIM1/CRYAB/FHL2/CASQ2/MYOT/PDLIM2/LRRC39/FLNC/PALLD/KCNA5/ACTN4/PDLIM4/FLNB/TMOD1/TMOD3/TPM1/ACTA1/ANKRD1/JPH2/CACNA1C/BAG3/CSRP1/ACTC1/SYNC/NEXN/PDLIM5/LMOD1/TPM4/MYL1/KRT8/SYNPO/MYOZ2/SYNPO2/KY/DES/CSRP2/MYOZ1/PLEC/KCNE1/FHL3/SCN5A/PRKD1/PARVB/RYR1/SCN8A/PDLIM7/FLNA/FBXL22/PARVA/NRAP/MYZAP",65
"GO:0098636","protein complex involved in cell adhesion","29/2759","65/22568",8.52817142930882e-11,2.5627155145073e-09,1.92557133851236e-09,"ITGA3/ITGA2B/PLAUR/TNC/ITGA8/LAMB1/ITGA6/LGALS1/VTN/ITGA4/TNR/NID1/PLAU/PLP1/ITGB4/ITGA7/LAMC1/ITGA11/EMILIN1/ITGAV/MMRN1/ITGB7/ITGA9/ITGB1/JAM2/ITGA5/ITGA2/LAMB2/LAMA2",29
"GO:0043679","axon terminus","42/2759","122/22568",1.54905758620142e-10,4.43325528241454e-09,3.33105616280907e-09,"SLC18A1/USH2A/PTPRN/CNGB1/SNCB/SCGN/KCNK2/OPRK1/SLC8A3/NTSR1/PDYN/CALB1/NMU/CALCA/KCNA1/TANC1/PACSIN1/GAD1/NTS/HTR1B/UNC13C/SLC4A10/CRHBP/CPLX2/DRD2/CDH8/ADORA1/ITGA2/GPER1/SLC18A2/KCNC2/PRKCB/PNOC/CHRM1/SNCG/PCSK1/GRIN1/KCNA3/KCNA2/TH/CHRM2/SLC18A3",42
"GO:0016323","basolateral plasma membrane","72/2759","277/22568",2.63402630467337e-10,7.19568095049408e-09,5.40668557275061e-09,"CD38/ITGA3/CD44/ANK1/KCNQ1/ATP2B4/ERBB3/TFRC/ATP12A/SLC46A1/B4GALT1/SLC7A8/EZR/DSP/PDGFB/MLC1/SLC7A5/NOD1/ABCC3/FOLR1/SLCO1B3/NEDD9/SLC16A10/OTOF/CA14/SLC16A7/FLOT2/ANXA1/SLC26A10P/MTTP/SLCO1C1/RHCG/IQGAP1/ABCA8/SLC16A3/ERBB2/SLC4A10/SLC26A1/SLC22A3/MSN/SLC26A7/SLC22A8/SLC16A12/MARVELD2/KCNJ16/SLC7A7/ADCY8/ATP2B2/MEGF11/WASF2/SLC13A3/CD1D/PDPN/CLDN1/ADORA1/CLDN19/HPGD/AQP3/TSHR/KCNC2/ADAM9/P2RY6/AQP4/SLCO4C1/SLC9A4/ANXA2/CADM1/SLC4A5/SLC6A9/C5AR1/SLC22A6/ALPK2",72
"GO:0005912","adherens junction","58/2759","203/22568",2.92562975940622e-10,7.64479776262234e-09,5.74414263974951e-09,"BAIAP2L1/VCL/CDH10/CTNNA1/LAMA3/CDH3/LLGL2/CDH7/FAT2/ITGA6/EZR/SORBS1/DSP/MYH9/CDH20/PDLIM1/KRT18/TRPV4/CDH9/CDH6/FRMD4B/IGSF21/SSX2IP/CNN3/PDLIM2/CDC42EP1/AJUBA/PDLIM4/FLOT2/ANXA1/NIBAN2/TLN1/TMOD3/SHROOM3/KIFC3/CDH11/CDH13/NECTIN4/HMCN1/CDH18/MSN/NOTCH1/MPP7/CDH8/CDH12/MYO1E/SHROOM4/ZYX/NEXN/PDLIM5/S100A11/SHROOM1/PLEKHA7/STXBP6/SYNM/ANXA2/CTNNA3/PDLIM7",58
"GO:0098978","glutamatergic synapse","99/2759","440/22568",9.02771502858484e-10,2.26069030507479e-08,1.69863585406267e-08,"PLXND1/ITGA3/RNF19A/CDH10/ATP2B4/ACTN1/CACNG5/ACTN2/ITGA8/CADPS2/NRP1/P2RX6/EEA1/CBLN1/EEF2K/CALB1/PLAT/SH3GL2/LGI1/CNTNAP1/SYT10/KCNA1/CDH6/TANC1/SLC30A3/RTN4/TNR/CNN3/SLC16A7/HPCA/KCNJ2/APOE/LAMA5/C1QL1/DNAJB1/FLOT2/BCAN/EPHB2/EPHA7/DBNL/SH3GL3/CDH11/C1QL2/GRIP2/CPLX2/MAL2/ARHGAP39/DRD2/DOC2A/ITGB1/CDH8/GRID2/SPARCL1/FARP1/GRM1/TNIK/WNT3A/WNT7A/GRIA1/ADCY8/ATP2B2/SYN2/ACTC1/ITGA5/GRM2/ADCY1/C1QL3/STX3/CHRM1/ACTBL2/ROR2/IL1RAPL1/ADORA2B/NPTX1/KCNA3/KCNA2/SLITRK1/SLITRK4/CHRM2/GPC6/KCND2/DRD1/SEMA4B/NRG3/SLITRK2/PCLO/RGS7BP/FZD9/SHISA6/IL1RAP/PTPRT/NTNG2/SCN8A/FLNA/SLC6A17/DLGAP2/GRIN3A/GRM3/SHISA9",99
"GO:0044306","neuron projection terminus","44/2759","138/22568",9.48036612265397e-10,2.27908001588601e-08,1.71245350173413e-08,"SLC18A1/USH2A/PTPRN/CNGB1/SNCB/SCGN/KCNK2/OPRK1/SLC8A3/NTSR1/PDYN/CALB1/NMU/CALCA/KCNA1/TANC1/PACSIN1/GAD1/GCH1/NTS/HTR1B/UNC13C/SLC4A10/CRHBP/CPLX2/DRD2/CDH8/ADORA1/SCRG1/ITGA2/GPER1/SLC18A2/KCNC2/PRKCB/PNOC/CHRM1/SNCG/PCSK1/GRIN1/KCNA3/KCNA2/TH/CHRM2/SLC18A3",44
"GO:0042383","sarcolemma","47/2759","155/22568",1.66425285634321e-09,3.84698448716257e-08,2.89054443470136e-08,"ABCC8/ANK1/VCL/ATP2B4/SRI/CACNA1S/SLC8B1/NOS1/CAPN3/SLC8A3/CAV2/CAV1/SLC27A6/STBD1/TGFB3/MYOT/KCNJ2/AHNAK/FLNC/ANXA1/DYSF/STAC2/COL6A2/MLIP/ITGB1/CACNA1C/CACNA2D1/SYNC/KCNJ3/SLMAP/ANXA5/KRT8/SGCD/AQP4/DES/PLEC/SLC2A4/SYNM/BGN/ANXA2/SCN5A/PRKG1/AHNAK2/KCNJ11/RYR1/LAMA2/ANXA6",47
"GO:0031252","cell leading edge","101/2759","461/22568",2.78395652367682e-09,6.19688100270284e-08,4.65620798696824e-08,"PLXND1/GABRA1/VIM/CD44/ANK1/ARHGAP31/CAPG/USH2A/CTNNA1/LIMA1/ABCA7/MYLK/SLK/ACTN1/ITGA8/ASAP3/PXN/EZR/MYH9/PIEZO1/COBL/RIGI/ACTA2/GABRA4/TRPV4/NEDD9/DUSP22/GABRG2/FRMD4B/WIPF1/SSX2IP/HPCA/PACSIN1/VASP/LAMP5/PALLD/AJUBA/GDPD2/EPS8L1/PDLIM4/ITGB4/FLOT2/SLC9A5/LCP1/DBNL/MYO1G/TLR4/TLN1/PLCE1/ITGAV/FGD4/TPM1/IQGAP1/ERBB2/SH3BGRL3/RAB13/ACTA1/GABRA6/TIAM2/SNTG1/ITGB1/GABRA2/ENAH/FGD5/SAMSN1/GRIA1/ATP2B2/WASF2/ACTC1/ITGA5/PDPN/ACTG2/S100A11/GABRG1/ADORA1/CLRN1/ADGRV1/GPER1/KCNC2/STX3/FAM107A/ANTXR1/TACR3/CNTNAP2/CHRNA7/KCNA2/MYADM/UNC5C/SPATA13/CTNNA3/ROBO2/SHISA7/RINL/PARVB/SHISA6/PDLIM7/PARVA/MYO1C/S100A6/SHISA9/STON1",101
"GO:0016324","apical plasma membrane","97/2759","444/22568",6.65597796124758e-09,1.42865812668207e-07,1.07346411480271e-07,"CFTR/ZMYND10/ABCB4/PROM1/CD44/USH2A/DSG2/KCNQ1/ERBB3/PLPP1/SLC12A1/ATP12A/SLC46A1/PTPRH/LRP2/KCNK2/SLCO1A2/ABCB1/SLC15A1/SLC7A8/EZR/GPR143/SLC7A5/NOD1/CUBN/FOLR1/IL10RA/UPK2/SLC22A18/TRPV4/KCNA1/PDE4D/PAPPA2/CA14/ABCG2/TRPM6/ECRG4/SEPTIN7/SLC10A2/KCNA5/ANO1/ANXA1/KCNK1/KIAA1614/PRKG2/SHROOM3/ENPEP/SLC24A4/RHCG/IQGAP1/SLC16A3/ERBB2/SLC4A10/OSMR/SLC22A3/MSN/SLC26A7/MAL2/CRB2/NOTCH1/SLC22A8/MARVELD2/TNIK/SLC26A2/ADCY8/ATP2B2/SLC34A2/SHROOM4/STC1/IL6R/KNCN/PDPN/DDR2/CLDN1/PLB1/SLC6A20/SHROOM1/KCNC2/STX3/CA4/ADRB2/PKHD1/P2RY6/LRRC15/CD34/CHRNA7/SLC9A4/KCNE1/SLC47A2/IGSF5/MUC1/SLC4A5/SLC6A9/LHFPL5/GNAT3/MFRP/SLC5A8",97
"GO:0043083","synaptic cleft","14/2759","21/22568",8.10204563019589e-09,1.67907911163715e-07,1.26162525421199e-07,"CBLN1/LGI1/APOE/LAMA5/C1QL1/C1QL2/CDH8/EGFLAM/C1QL3/NPTX1/LAMB2/GRIN1/LAMA2/COLQ",14
"GO:0098644","complex of collagen trimers","16/2759","28/22568",1.70097813935008e-08,3.40762620583132e-07,2.56041972554801e-07,"COL11A1/COL5A3/COL4A4/COL1A1/COL7A1/COL5A1/COL4A2/COL2A1/COL8A1/COL1A2/COL4A3/COL4A1/COL4A6/COL11A2/COL5A2/COL28A1",16
"GO:0045121","membrane raft","77/2759","333/22568",1.91016351647708e-08,3.70325249484749e-07,2.78254719378155e-07,"ABCB4/SELE/EHD2/FAS/TNFRSF1B/CTNNA1/GPM6B/KCNQ1/ATP2B4/GPC1/PLPP1/TNFRSF1A/PTGS2/ADCYAP1R1/CHRNA3/PTPRC/NOS1/ICAM1/EZR/SORBS1/MLC1/NTSR1/CAV2/CAV1/UNC5B/SELPLG/TNR/ABCG2/AHNAK/KDR/KCNA5/RFTN1/FLOT2/STOML3/IL6ST/CDH13/TNFRSF11A/EFHD2/TRPM8/MAL2/SERPINH1/ITGB1/CD8A/ANGPT1/ADCY8/PDPN/CAPN2/TGFBR2/SHH/ADCY1/BAALC/STIM1/CAVIN2/INPP5D/CAVIN3/HAS2/CHRNA7/KCNA3/CAVIN1/MYADM/KCNE1/F2R/SLC2A4/ANXA2/SCN5A/KCND2/RTN4RL1/RTN4RL2/LYPD6/FYB2/PLSCR1/ASAH2/S100A10/MYO1C/SLC22A6/ADGRG1/NFAM1",77
"GO:0098857","membrane microdomain","77/2759","334/22568",2.18982737297271e-08,4.11276953486437e-07,3.09024981251741e-07,"ABCB4/SELE/EHD2/FAS/TNFRSF1B/CTNNA1/GPM6B/KCNQ1/ATP2B4/GPC1/PLPP1/TNFRSF1A/PTGS2/ADCYAP1R1/CHRNA3/PTPRC/NOS1/ICAM1/EZR/SORBS1/MLC1/NTSR1/CAV2/CAV1/UNC5B/SELPLG/TNR/ABCG2/AHNAK/KDR/KCNA5/RFTN1/FLOT2/STOML3/IL6ST/CDH13/TNFRSF11A/EFHD2/TRPM8/MAL2/SERPINH1/ITGB1/CD8A/ANGPT1/ADCY8/PDPN/CAPN2/TGFBR2/SHH/ADCY1/BAALC/STIM1/CAVIN2/INPP5D/CAVIN3/HAS2/CHRNA7/KCNA3/CAVIN1/MYADM/KCNE1/F2R/SLC2A4/ANXA2/SCN5A/KCND2/RTN4RL1/RTN4RL2/LYPD6/FYB2/PLSCR1/ASAH2/S100A10/MYO1C/SLC22A6/ADGRG1/NFAM1",77
"GO:0031253","cell projection membrane","87/2759","400/22568",4.88556974604503e-08,8.89765884052444e-07,6.68551649458794e-07,"PLXND1/ITGA3/PROM1/GABRA1/CD44/ANK1/USH2A/LIMA1/ABCA7/CNGB1/EVC/SLC46A1/ITGA8/PTPRH/LRP2/B4GALT1/SLC7A8/EZR/SLC7A5/PIEZO1/RIGI/CUBN/GABRA4/FOLR1/TRPV4/GABRG2/ABCG2/TRPM6/HPCA/PACSIN1/VASP/LAMP5/MCHR1/EPS8L1/PDE6B/SLC9A5/KCNK1/LCP1/TLN1/ITGAV/MTTP/SLC38A4/TPM1/ERBB2/SH3BGRL3/GABRA6/MSN/SNTG1/CDHR1/DRD2/ITGB1/GABRA2/FGD5/GRIA1/SLC26A2/ATP2B2/SLC34A2/FCRL3/ITGA5/PDPN/DHRS3/GABRG1/ADORA1/PLB1/HHIP/ADGRV1/GPER1/KCNC2/PRKCB/CA4/FAM107A/ANTXR1/TACR3/CNTNAP2/CHRNA7/KCNA2/SPATA13/DRD1/ROBO2/FFAR4/SHISA7/FZD9/SHISA6/MYO1C/CNGA1/PRCD/SHISA9",87
"GO:0098862","cluster of actin-based cell projections","48/2759","177/22568",5.87934933536121e-08,1.03926145604473e-06,7.80879524727542e-07,"SCIN/USH2A/LIMA1/ACTN1/SLC46A1/LRP2/B4GALT1/SLC15A1/EZR/MYL6/ITPR3/MYH9/TRPA1/CALB1/CUBN/CDH23/FOLR1/ABCG2/TRPM6/PLS1/MYO1B/IDO1/KCNK1/FLNB/ENPEP/MTTP/ESPNL/DCDC2/TMPRSS15/RHOC/MYO1E/SLC34A2/KNCN/CLRN1/PLB1/ADGRV1/PRKCB/LOXHD1/CA4/RSPH9/PLEC/ESPN/LCTL/FLNA/LHFPL5/MYO1C/PJVK/CLIC1",48
"GO:0031256","leading edge membrane","52/2759","200/22568",7.59331854371522e-08,1.3038812699351e-06,9.79709370001152e-07,"PLXND1/GABRA1/CD44/ANK1/USH2A/ABCA7/ITGA8/EZR/PIEZO1/RIGI/GABRA4/TRPV4/GABRG2/HPCA/PACSIN1/VASP/LAMP5/EPS8L1/SLC9A5/LCP1/MYO1G/TLN1/ITGAV/TPM1/ERBB2/SH3BGRL3/GABRA6/SNTG1/ITGB1/GABRA2/FGD5/GRIA1/ATP2B2/ITGA5/PDPN/GABRG1/ADORA1/ADGRV1/GPER1/KCNC2/FAM107A/ANTXR1/TACR3/CNTNAP2/CHRNA7/KCNA2/SPATA13/ROBO2/SHISA7/SHISA6/MYO1C/SHISA9",52
"GO:0043204","perikaryon","44/2759","159/22568",1.09400753131828e-07,1.82638479533969e-06,1.37230769279399e-06,"PTPRN/ITGA8/OPRK1/SLC8A3/CPNE6/NTSR1/CRYAB/KCNA1/OPRM1/SLC5A7/HPCA/PCSK2/OLFM1/PRPH/KCNK1/DBNL/ADCYAP1/TRPM2/AZIN2/SLC4A10/GLRA3/CRHBP/CPLX2/TIAM2/DRD2/CACNA1C/GRIP1/HTR5A/FZD5/SERPINI1/KCNC2/SYNPO/CNTNAP2/NPPA/PCSK1/KCNA2/TH/NEUROG1/KCND2/RTN4RL1/RGS7BP/RTN4RL2/LYPD6/FLNA",44
"GO:0032589","neuron projection membrane","26/2759","71/22568",1.12999723329897e-07,1.8354819924667e-06,1.37914313822264e-06,"GABRA1/ANK1/USH2A/ITGA8/GABRA4/GABRG2/HPCA/LAMP5/SLC9A5/GABRA6/GABRA2/GRIA1/ATP2B2/GABRG1/ADORA1/ADGRV1/GPER1/KCNC2/TACR3/CNTNAP2/CHRNA7/ROBO2/SHISA7/SHISA6/MYO1C/SHISA9",26
"GO:0008076","voltage-gated potassium channel complex","29/2759","85/22568",1.28402124076934e-07,2.03078096237466e-06,1.52588673764555e-06,"KCNG1/KCNQ1/KCNK2/KCNH4/KCND1/KCNN4/KCNN1/KCNA1/KCNQ4/KCNJ2/KCNS1/KCNA5/DPP6/KCNK1/KCNJ16/LRRC52/KCNJ3/KCNV1/KCNC2/KCNAB1/KCNAB3/KCNS3/CNTNAP2/KCNA3/KCNA2/KCNG2/KCNE1/KCNQ3/KCND2",29
"GO:0098858","actin-based cell projection","61/2759","256/22568",1.81756847721213e-07,2.80091962770382e-06,2.10455297361405e-06,"ITGA3/PROM1/ADGRA2/CD44/USH2A/OSBPL3/ACTN2/PTPRH/B4GALT1/ITGA6/SLC7A8/EZR/SLC7A5/CALB1/TGFB1/CUBN/CDH23/ACTA2/TRPV4/PLS1/SLC10A2/VASP/MYO1B/FOXA1/EXOC4/LCP1/MYO1G/ITGAV/MTTP/FGD4/SLC38A4/ACTA1/ESPNL/TENM2/TIAM2/MSN/ITGB1/FARP1/ANGPT1/ENAH/RHOC/SLC26A2/MYO1E/ACTC1/FCRL3/PDPN/ACTG2/CLRN1/ADGRV1/LOXHD1/CLIC4/ANTXR1/UNC5C/SPATA13/ESPN/ARL4C/FZD9/PDGFA/LHFPL5/MYO1C/PJVK",61
"GO:0034705","potassium channel complex","31/2759","96/22568",1.98631541000898e-07,2.9844389035385e-06,2.24244555498382e-06,"ABCC8/KCNG1/KCNQ1/KCNK2/KCNH4/KCND1/KCNN4/KCNN1/KCNA1/KCNQ4/KCNJ2/KCNS1/KCNA5/DPP6/KCNK1/KCNJ16/LRRC52/KCNJ3/KCNV1/KCNC2/KCNAB1/KCNAB3/KCNS3/CNTNAP2/KCNA3/KCNA2/KCNG2/KCNE1/KCNQ3/KCND2/KCNJ11",31
"GO:0008305","integrin complex","16/2759","32/22568",2.07301321869345e-07,3.03873401081649e-06,2.28324177360588e-06,"ITGA3/ITGA2B/ITGA8/ITGA6/ITGA4/PLP1/ITGB4/ITGA7/ITGA11/EMILIN1/ITGAV/ITGB7/ITGA9/ITGB1/ITGA5/ITGA2",16
"GO:0032590","dendrite membrane","18/2759","40/22568",2.75207487379253e-07,3.93808809321264e-06,2.95899779663407e-06,"GABRA1/ITGA8/GABRA4/GABRG2/HPCA/LAMP5/SLC9A5/GABRA6/GABRA2/GRIA1/ATP2B2/GABRG1/GPER1/KCNC2/TACR3/SHISA7/SHISA6/SHISA9",18
"GO:0034703","cation channel complex","52/2759","208/22568",2.92488286455408e-07,4.08803395720234e-06,3.07166401197969e-06,"MCUB/ABCC8/KCNG1/KCNQ1/CNGB1/TRPC5/CACNA1S/KCNK2/KCNH4/KCND1/KCNN4/KCNN1/KCNA1/PDE4D/KCNQ4/CASQ2/KCNJ2/KCNS1/KCNA5/DPP6/CATSPERB/KCNK1/TRPC6/CACNA1A/HTR3B/CACNA1C/KCNJ16/CACNA2D1/CACHD1/LRRC52/KCNJ3/KCNV1/KCNC2/CATSPER2/SCN11A/KCNAB1/KCNAB3/CNGB3/KCNS3/CNTNAP2/SCN4B/KCNA3/KCNA2/KCNG2/KCNE1/SCN5A/KCNQ3/KCND2/KCNJ11/RYR1/SCN8A/CNGA1",52
"GO:1902495","transmembrane transporter complex","90/2759","437/22568",3.87960576355141e-07,5.29918878157818e-06,3.98170065206592e-06,"CFTR/MCUB/ABCC8/GABRA1/KCNG1/KCNQ1/CNGB1/TRPC5/CACNG5/ATP12A/CHRNA3/CACNA1S/KCNK2/KCNH4/SLC17A6/CHRNA4/GLRA2/KCND1/KCNN4/SLC17A7/KCNN1/GABRA4/KCNA1/GABRG2/PDE4D/GRIN3B/KCNQ4/CHRNB4/CASQ2/CHRNA2/KCNJ2/KCNS1/BEST3/KCNA5/DPP6/ANO1/CATSPERB/KCNK1/TTYH3/TRPC6/CACNA1A/GLRA3/GABRA6/CHRNA6/HTR3B/CACNA1C/GABRA2/GRID2/GRIA4/KCNJ16/CACNA2D1/GRIA1/CACHD1/CLIC6/LRRC52/KCNJ3/GABRG1/KCNV1/KCNC2/CHRFAM7A/CATSPER2/SCN11A/KCNAB1/CLIC4/KCNAB3/CNGB3/KCNS3/CHRNA9/CNTNAP2/CHRNA7/GRIN1/SCN4B/ANO6/KCNA3/KCNA2/KCNG2/KCNE1/SCN5A/KCNQ3/KCND2/KCNJ11/SHISA7/SHISA6/RYR1/SCN8A/CNGA1/PLN/GRIN3A/CLIC1/SHISA9",90
"GO:1990351","transporter complex","94/2759","464/22568",4.69568913150481e-07,6.27135370674309e-06,4.71216523372061e-06,"CFTR/MCUB/ABCC8/GABRA1/KCNG1/KCNQ1/CNGB1/TRPC5/CACNG5/ATP12A/CHRNA3/CACNA1S/KCNK2/KCNH4/SLC17A6/CHRNA4/GLRA2/KCND1/ATP8B4/KCNN4/SLC17A7/KCNN1/GABRA4/KCNA1/GABRG2/PDE4D/GRIN3B/KCNQ4/CHRNB4/ATP10B/CASQ2/CHRNA2/KCNJ2/KCNS1/ATP8A1/BEST3/KCNA5/DPP6/ANO1/CATSPERB/KCNK1/TTYH3/TRPC6/CACNA1A/GLRA3/GABRA6/CHRNA6/HTR3B/CACNA1C/GABRA2/GRID2/GRIA4/KCNJ16/CACNA2D1/GRIA1/CACHD1/CLIC6/LRRC52/KCNJ3/GABRG1/KCNV1/KCNC2/CHRFAM7A/CATSPER2/SCN11A/KCNAB1/CLIC4/KCNAB3/CNGB3/KCNS3/CHRNA9/CNTNAP2/CHRNA7/GRIN1/SCN4B/ANO6/KCNA3/KCNA2/KCNG2/KCNE1/SCN5A/KCNQ3/KCND2/KCNJ11/SHISA7/SHISA6/RYR1/SCN8A/CNGA1/PLN/GRIN3A/ATP10A/CLIC1/SHISA9",94
"GO:0060076","excitatory synapse","24/2759","67/22568",5.52096272030435e-07,7.21325781500633e-06,5.41989246455507e-06,"ITGA3/FGFR2/SLC17A6/P2RX6/SYNDIG1/CBLN1/SLC17A7/SLC16A7/PALLD/C1QL1/CNTN6/UNC13C/C1QL2/ITGB1/GRID2/GRIA1/ADCY8/ATP2B2/KCNJ3/GRIN1/SHISA6/SLC6A9/SCN8A/ELFN1",24
"GO:0150034","distal axon","66/2759","295/22568",6.83040932722152e-07,8.73420426736198e-06,6.56270011506838e-06,"ITGA3/SLC18A1/USH2A/PTPRN/CNGB1/TRPC5/SNCB/SCGN/KCNK2/OPRK1/SLC8A3/NTSR1/PDYN/CALB1/COBL/NMU/CALCA/TRPV4/KCNA1/TANC1/ITGA4/KIF21B/PREX1/PACSIN1/LAMP5/GAD1/PALLD/OLFM1/EXOC4/NTS/HTR1B/UNC13C/IQGAP1/SLC4A10/CRHBP/CPLX2/TENM2/TIAM2/DRD2/CDH8/LRRTM1/ADORA1/ITGA2/GPER1/OTX2/SLC18A2/KCNC2/PRKCB/STX3/PNOC/SCN11A/CHRM1/DSCAM/SNCG/HAP1/PCSK1/GRIN1/KCNA3/KCNA2/TH/CHRM2/UNC5C/SLC18A3/FLNA/PCDHGB1/NEFL",66
"GO:0042734","presynaptic membrane","45/2759","179/22568",1.51844539715052e-06,1.90122017434888e-05,1.42853744600345e-05,"ITGA3/SYT7/CNTN1/CDH10/ATP2B4/OPRK1/KCNA1/CDH9/OTOF/SLC5A7/IGSF21/EPHB2/CNTN6/HTR1B/GAD2/UNC13C/ERBB2/CHRNA6/DRD2/GPR158/GRIA1/ADCY8/ATP2B2/KCNJ3/ADORA1/GRM2/IL31RA/GPER1/SLC6A5/KCNC2/STX3/CHRM1/CHRNA7/FOSL1/KCNA3/KCNA2/STX19/CHRM2/KCTD8/DRD1/RGS7BP/NTNG2/SLC6A9/SCN8A/GRM3",45
"GO:0030863","cortical cytoskeleton","33/2759","115/22568",1.69134832837881e-06,2.07449050072584e-05,1.55872917910743e-05,"SELE/ACTN1/LLGL2/ACTN2/EZR/MYH9/CALB1/COBL/TRPV4/RTKN/MLPH/PLS1/PDLIM2/CALD1/ACTN4/FLOT2/GYPC/TMOD1/SHROOM3/IQGAP1/MYO1E/SHROOM4/KNCN/CAPN2/SHROOM1/PRKCB/TPM4/MYADM/CLDN5/PCLO/FLNA/PJVK/MYZAP",33
"GO:0030864","cortical actin cytoskeleton","26/2759","82/22568",2.74949996511646e-06,3.30489895806999e-05,2.4832326000736e-05,"ACTN1/LLGL2/ACTN2/MYH9/CALB1/COBL/TRPV4/RTKN/MLPH/PLS1/PDLIM2/CALD1/ACTN4/FLOT2/SHROOM3/IQGAP1/MYO1E/SHROOM4/KNCN/CAPN2/SHROOM1/PRKCB/MYADM/CLDN5/PJVK/MYZAP",26
"GO:0005903","brush border","33/2759","118/22568",3.15487927513299e-06,3.71780871442143e-05,2.79348443556668e-05,"SCIN/LIMA1/ACTN1/SLC46A1/LRP2/B4GALT1/SLC15A1/EZR/MYL6/ITPR3/MYH9/CUBN/FOLR1/ABCG2/TRPM6/PLS1/MYO1B/KCNK1/FLNB/ENPEP/MTTP/TMPRSS15/MYO1E/SLC34A2/PLB1/PRKCB/CA4/PLEC/ESPN/LCTL/FLNA/MYO1C/CLIC1",33
"GO:0098686","hippocampal mossy fiber to CA3 synapse","17/2759","42/22568",3.57196656955089e-06,4.12836905442324e-05,3.10197096829419e-05,"SYT7/RNF19A/PDYN/CALB1/P2RX3/CALCA/SLC30A3/SLC16A7/EPHB2/C1QL2/MAL2/ADCY8/ADCY1/GPER1/C1QL3/SYT9/SLC6A9",17
"GO:0016528","sarcoplasm","28/2759","94/22568",4.56625920734472e-06,5.17796562946071e-05,3.89061608729074e-05,"ANK1/SRI/MEF2C/CACNA1S/NOS1/P3H2/ITPR3/SLC8A3/RASD1/TMEM109/CASQ2/NFATC1/CLEC18B/NOL3/JPH2/SPOCK1/CACNA2D1/XDH/BAALC/CTHRC1/STIM1/SLN/SGCD/PLEC/SLC2A4/RYR1/SERTAD1/PLN",28
"GO:0030672","synaptic vesicle membrane","37/2759","143/22568",6.13536371570097e-06,6.70427926024779e-05,5.03745652447027e-05,"ICA1/ABCC8/SYT7/SLC18A1/OPRK1/SLC17A6/SYNDIG1/SLC17A7/OTOF/SLC30A3/SLC5A7/SV2C/ATP8A1/LAMP5/SYT6/DYSF/GAD2/UNC13C/SYPL2/SYT2/MAL2/DRD2/DOC2A/GABRA2/TMEM163/GRIA1/SYN2/SYNPR/SLC18A2/SYT9/SLC35D3/SV2B/SLC18A3/SLC35F1/SLC6A9/SLC6A17/SCAMP5",37
"GO:0099501","exocytic vesicle membrane","37/2759","143/22568",6.13536371570097e-06,6.70427926024779e-05,5.03745652447027e-05,"ICA1/ABCC8/SYT7/SLC18A1/OPRK1/SLC17A6/SYNDIG1/SLC17A7/OTOF/SLC30A3/SLC5A7/SV2C/ATP8A1/LAMP5/SYT6/DYSF/GAD2/UNC13C/SYPL2/SYT2/MAL2/DRD2/DOC2A/GABRA2/TMEM163/GRIA1/SYN2/SYNPR/SLC18A2/SYT9/SLC35D3/SV2B/SLC18A3/SLC35F1/SLC6A9/SLC6A17/SCAMP5",37
"GO:0098637","protein complex involved in cell-matrix adhesion","12/2759","24/22568",7.09973287013121e-06,7.61953474098011e-05,5.72516052873363e-05,"PLAUR/TNC/LAMB1/VTN/TNR/NID1/PLAU/LAMC1/EMILIN1/MMRN1/LAMB2/LAMA2",12
"GO:0030667","secretory granule membrane","76/2759","380/22568",9.19921188556364e-06,9.69951990039254e-05,7.28801828052964e-05,"ICA1/ITGA2B/ALDH3B1/CD9/PLAUR/CD44/TNFRSF1B/CYBA/STK10/SRI/LAMP3/MOXD1/PTPRC/CD59/B4GALT1/ITPR3/DSP/SIRPB1/MAGT1/ATP8B4/CAV2/CAV1/RND2/BST1/SPARC/CHRNB4/STBD1/PLAU/ADGRE5/NCKAP1L/ATP8A1/SERPINB6/SLC44A2/LGALS3/FLOT2/DSC1/TMBIM1/ITGAV/GLIPR1/SLC27A2/MFGE8/IQGAP1/TMC6/TRPM2/CD53/FCGR2A/SYT2/PLA1A/LHFPL2/FRMPD3/CD109/TMEM190/FCGR3B/FABP5/SLC30A8/SLC18A2/SERPINB12/STX3/CA4/RAB31/AGPAT2/C3AR1/AZU1/RAB37/SLCO4C1/RHOG/ANO6/ABCA13/HYAL3/SELL/TMEM63A/C5AR1/HLA-C/CPNE1/HLA-B/NFAM1",76
"GO:0044309","neuron spine","46/2759","197/22568",9.86287686636894e-06,0.00010219981028772,7.67908198851593e-05,"ACTN2/ITGA8/KCNN2/NOS1/PALMD/P2RX6/SLC8A3/NTSR1/SYNDIG1/KCND1/EEA1/EEF2K/CALB1/ASIC2/CRYAB/CNN3/HPCA/KCNJ2/PDLIM4/PPFIA1/DNAJB1/EPHB2/SLC9A5/GRIP2/TENM2/DRD2/ITGB1/GRID2/GRIA4/FARP1/GRIA1/ATP2B2/ADORA1/GPER1/FRMPD4/SYNPO/HAP1/GRIN1/KCND2/DRD1/RGS7BP/SHISA7/SHISA6/LAMA2/GRM3/SHISA9",46
"GO:0005884","actin filament","34/2759","135/22568",2.64190728380961e-05,0.000269116318232131,0.000202208425469103,"ACTN1/ACTN2/EZR/COBL/PDLIM1/DUSP22/WIPF1/PLS1/PDLIM2/MYO1B/PALLD/GDPD2/PDLIM4/MICAL2/ANXA1/LCP1/TMOD1/TPM1/IQGAP1/ACTA1/SHROOM4/ACTC1/PDLIM5/LMOD1/TPM4/ACTBL2/GAS2L1/ESPN/SMTNL2/POTEF/PDLIM7/FLNA/MYO1C/INF2",34
"GO:0001527","microfibril","8/2759","13/22568",3.59286258814842e-05,0.0003598850692462,0.000270410184265908,"LTBP1/LTBP4/FBN2/ADAMTS10/FBN1/MFAP4/ADAMTSL5/MFAP5",8
"GO:0005938","cell cortex","64/2759","318/22568",3.69753613540465e-05,0.000360048757613662,0.00027053317631362,"SCIN/SELE/PHLDB1/LAMC2/FGFR2/ACTN1/LLGL2/ACTN2/PXN/EZR/MYH9/CTSZ/MYL9/CALB1/PLA2G4C/CAV1/COBL/TRPV4/NEDD9/RTKN/MLPH/PLS1/PDLIM2/SEPTIN7/CALD1/BFSP1/GAD1/ACTN4/EXOC4/FLOT2/SPINK5/KIAA1614/FLNB/DBNL/GYPC/TMOD1/UNC13C/SHROOM3/IQGAP1/HMCN1/OSR1/MPP7/MYO1E/SHROOM4/KNCN/CAPN2/SHROOM1/STOX1/PRKCB/MYO5B/STIM1/TPM4/MYADM/CRIP2/CLDN5/PRKD1/PCLO/RYR1/GRM7/POTEF/FLNA/MYO1C/PJVK/MYZAP",64
"GO:0043197","dendritic spine","44/2759","195/22568",3.71431330649701e-05,0.000360048757613662,0.00027053317631362,"ACTN2/ITGA8/KCNN2/NOS1/PALMD/P2RX6/SLC8A3/NTSR1/SYNDIG1/KCND1/EEF2K/CALB1/ASIC2/CRYAB/CNN3/HPCA/KCNJ2/PDLIM4/PPFIA1/DNAJB1/EPHB2/SLC9A5/TENM2/DRD2/ITGB1/GRID2/GRIA4/FARP1/GRIA1/ATP2B2/ADORA1/GPER1/FRMPD4/SYNPO/HAP1/GRIN1/KCND2/DRD1/RGS7BP/SHISA7/SHISA6/LAMA2/GRM3/SHISA9",44
"GO:0044305","calyx of Held","10/2759","20/22568",4.22256130055016e-05,0.000396524897129788,0.000297940591765793,"KCNK2/CALB1/KCNA1/HTR1B/UNC13C/CPLX2/ADORA1/PRKCB/KCNA3/KCNA2",10
"GO:0098688","parallel fiber to Purkinje cell synapse","10/2759","20/22568",4.22256130055016e-05,0.000396524897129788,0.000297940591765793,"P2RX6/CBLN1/SLC16A7/CNTN6/UNC13C/GRID2/ATP2B2/KCNJ3/SLC6A9/SCN8A",10
"GO:0016342","catenin complex","13/2759","32/22568",4.79508182300288e-05,0.000443360642403804,0.000333132000334937,"CDH10/CTNNA1/CDH3/CDH7/CDH20/CDH23/CDH9/CDH6/CDH11/CDH13/CDH18/CDH8/CDH12",13
"GO:0008021","synaptic vesicle","50/2759","238/22568",8.24423410264189e-05,0.000750724953892087,0.000564079175443919,"ICA1/ABCC8/SYT7/SLC18A1/STX7/OPRK1/SLC17A6/SYNDIG1/SLC17A7/OTOF/SLC30A3/SLC5A7/SV2C/ATP8A1/LAMP5/SYT6/DYSF/GAD2/UNC13C/SYPL2/RAB13/SYT2/MAL2/DRD2/KIRREL3/DOC2A/GABRA2/TMEM163/GRIA1/SYN2/SYNPR/SLC18A2/STX3/LGI3/KCNK9/SYT9/HAP1/BDNF/GRIN1/STX19/TH/SLC35D3/SV2B/NTF3/SLC18A3/SLC35F1/SLC6A9/SLC6A17/SCAMP5/STON1",50
"GO:0070382","exocytic vesicle","53/2759","258/22568",9.52586982754622e-05,0.000854484741247056,0.000642042129774914,"ICA1/ABCC8/SYT7/SLC18A1/STX7/OPRK1/SLC17A6/SYNDIG1/SLC17A7/SYT10/OTOF/SLC30A3/SLC5A7/SV2C/ATP8A1/LAMP5/SYT6/DYSF/GAD2/SYTL2/UNC13C/SYPL2/RAB13/SYT2/MAL2/DRD2/KIRREL3/DOC2A/GABRA2/TMEM163/GRIA1/SYN2/SYNPR/SYTL3/SLC18A2/STX3/LGI3/KCNK9/SYT9/HAP1/BDNF/GRIN1/STX19/TH/SLC35D3/SV2B/NTF3/SLC18A3/SLC35F1/SLC6A9/SLC6A17/SCAMP5/STON1",53
"GO:0019897","extrinsic component of plasma membrane","32/2759","132/22568",9.89346362481041e-05,0.000874407593898685,0.000657011748458772,"CDH10/CTNNA1/TRAF3IP2/CDH3/CDH7/CDH20/TYK2/PLEKHA4/CUBN/CDH23/GNB3/FRK/CDH9/CDH6/GNAI2/GNG11/ESYT1/CDH11/CDH13/STAC2/CDH18/CDH8/FARP1/CDH12/GNA14/GNG8/GNG4/KCNAB1/GNG12/GNG5/GRAMD2A/GNAT3",32
"GO:0043034","costamere","9/2759","18/22568",0.00010360047595978,0.000902375160171413,0.000678025998272241,"VCL/SDC4/AHNAK/FLNC/KRT8/PLEC/SYNM/AHNAK2/SVIL",9
"GO:0044853","plasma membrane raft","31/2759","127/22568",0.000110099647754538,0.000945284118578246,0.00071026690055183,"SELE/EHD2/CTNNA1/ATP2B4/PLPP1/PTGS2/ADCYAP1R1/CHRNA3/EZR/SORBS1/MLC1/CAV2/CAV1/SELPLG/KCNA5/FLOT2/CDH13/CD8A/ADCY8/TGFBR2/STIM1/CAVIN2/CAVIN3/HAS2/CHRNA7/CAVIN1/F2R/SCN5A/KCND2/ASAH2/SLC22A6",31
"GO:0097730","non-motile cilium","40/2759","181/22568",0.000132020997899081,0.0011175298554556,0.000839688778335148,"PROM1/USH2A/OPN3/CNGB1/PTGS1/CFAP69/CDH23/GUCA1B/PRPH2/PCDHB15/KIF17/SEPTIN7/GPR83/MCHR1/PDE6B/SLC24A4/DCDC2/CDHR1/DRD2/MERTK/KNCN/DHRS3/C1orf115/STX3/CNGB3/PKHD1/RSPH9/ERICH3/PCARE/RRH/USH1G/DRD1/NPY2R/EYS/HYLS1/CNGA1/RD3/ABCA4/PRCD/GNAT3",40
"GO:0032591","dendritic spine membrane","8/2759","15/22568",0.000143105668107748,0.00119453481295496,0.000897548707868773,"ITGA8/SLC9A5/GRIA1/ATP2B2/GPER1/SHISA7/SHISA6/SHISA9",8
"GO:0043195","terminal bouton","16/2759","49/22568",0.000149978361338676,0.00123475335841841,0.000927768089607669,"SLC18A1/USH2A/CNGB1/SCGN/NTSR1/CALB1/NMU/CALCA/UNC13C/CPLX2/ADORA1/SLC18A2/KCNC2/GRIN1/TH/SLC18A3",16
"GO:0005902","microvillus","27/2759","107/22568",0.000165208435762576,0.00133227862995514,0.00100104655793109,"PROM1/CD44/PTPRH/SLC7A8/EZR/SLC7A5/TGFB1/CUBN/SLC10A2/MYO1B/FOXA1/EXOC4/MYO1G/ITGAV/MTTP/SLC38A4/MSN/ANGPT1/SLC26A2/MYO1E/FCRL3/PDPN/CLRN1/CLIC4/ESPN/PDGFA/MYO1C",27
"GO:0045334","clathrin-coated endocytic vesicle","35/2759","153/22568",0.00016625773252352,0.00133227862995514,0.00100104655793109,"CFTR/CD9/CD74/VAMP3/TFRC/LRP2/CPNE6/CEMIP/TYRP1/SH3GL2/EREG/APOE/SFTPD/SLC2A8/SYT2/MYO1E/FZD5/IL7R/ROR2/ADRB2/SYT9/BTC/HLA-DQB1/CHRM2/EPGN/SLC18A3/HLA-DRB1/HLA-DQA1/HLA-DRB5/HLA-DRA/HLA-DPB1/HLA-DPA1/HLA-DQB2/HLA-DQA1/STON1",35
"GO:0005583","fibrillar collagen trimer","9/2759","19/22568",0.000175497705599609,0.00136979378006967,0.00102923466441876,"COL11A1/COL5A3/COL1A1/COL5A1/COL2A1/COL1A2/COL11A2/COL5A2/COL28A1",9
"GO:0098643","banded collagen fibril","9/2759","19/22568",0.000175497705599609,0.00136979378006967,0.00102923466441876,"COL11A1/COL5A3/COL1A1/COL5A1/COL2A1/COL1A2/COL11A2/COL5A2/COL28A1",9
"GO:0014704","intercalated disc","16/2759","50/22568",0.000195739925222536,0.00148911006403473,0.00111888644797426,"VCL/CTNNA1/DSG2/ACTN1/DSP/KCNJ2/KCNA5/ITGB1/TMEM65/DES/SCN4B/GJC1/CTNNA3/SCN5A/NRAP/GJA5",16
"GO:0043209","myelin sheath","16/2759","50/22568",0.000195739925222536,0.00148911006403473,0.00111888644797426,"GPM6B/ITPR3/CA2/PMP22/PLP1/EXOC4/ERBB2/ITGB1/MARVELD2/PRXL2B/PLEC/ANXA2/CLDN5/CNTN2/NCMAP/CA13",16
"GO:0044304","main axon","22/2759","81/22568",0.0002095629590893,0.00157434173015836,0.00118292775591197,"TNFRSF1B/ANK1/CD40/LGI1/CNTNAP1/KCNA1/CRHBP/SPOCK1/ADORA1/KCNC2/LGI3/KCNAB1/CNTNAP2/CHRNA7/KCNA2/CLDN5/CNTN2/KCNQ3/NCMAP/ROBO2/SCN8A/SCHIP1",22
"GO:0030175","filopodium","30/2759","127/22568",0.000261469952373915,0.00194004248613238,0.00145770772668498,"ITGA3/ADGRA2/OSBPL3/ACTN2/B4GALT1/ITGA6/EZR/ACTA2/TRPV4/VASP/MYO1B/LCP1/MYO1G/ITGAV/FGD4/ACTA1/TENM2/TIAM2/MSN/ITGB1/FARP1/ENAH/ACTC1/PDPN/ACTG2/ANTXR1/UNC5C/SPATA13/ARL4C/FZD9",30
"GO:0031093","platelet alpha granule lumen","20/2759","72/22568",0.000288867480705144,0.00211718726711941,0.00159081064470483,"HGF/ACTN1/ACTN2/TGFB2/PDGFB/TIMP1/TGFB1/SERPINE1/VWF/SPARC/TGFB3/CLU/ACTN4/MMRN1/LEFTY2/SERPING1/A2M/PROS1/SERPINA3/PDGFA",20
"GO:0030669","clathrin-coated endocytic vesicle membrane","31/2759","134/22568",0.000309166642663892,0.00223866448483132,0.00168208610910349,"CFTR/CD9/CD74/VAMP3/TFRC/LRP2/TYRP1/SH3GL2/EREG/APOE/SLC2A8/SYT2/FZD5/IL7R/ROR2/ADRB2/SYT9/BTC/HLA-DQB1/CHRM2/EPGN/SLC18A3/HLA-DRB1/HLA-DQA1/HLA-DRB5/HLA-DRA/HLA-DPB1/HLA-DPA1/HLA-DQB2/HLA-DQA1/STON1",31
"GO:0099535","synapse-associated extracellular matrix","7/2759","13/22568",0.000354648202464851,0.0025374234485878,0.00190656740422834,"TNC/TNR/LAMA5/BCAN/HAPLN3/HAPLN1/ACAN",7
"GO:0030315","T-tubule","16/2759","53/22568",0.000412724055793211,0.00291820185331435,0.00219267640786734,"ATP2B4/SRI/CACNA1S/CAPN3/STBD1/TGFB3/KCNJ2/AHNAK/DYSF/CACNA1C/CACNA2D1/KCNJ3/SLC2A4/SCN5A/AHNAK2/KCNJ11",16
"GO:0099634","postsynaptic specialization membrane","31/2759","137/22568",0.000465317500695655,0.00323903182819713,0.00243374140344438,"CDH10/CACNG5/ACTN2/ITGA8/P2RX6/SYNDIG1/GABRA4/GRIN3B/SLC16A7/CACNA1C/GABRA2/GRID2/GRIA4/GRM1/GRIA1/ATP2B2/HTR5A/LRRTM1/ADCY1/CHRM1/CHRNA7/SLITRK1/KCND2/SEMA4B/RGS7BP/SHISA7/SHISA6/PTPRT/SCN8A/GRIN3A/SHISA9",31
"GO:0005796","Golgi lumen","33/2759","149/22568",0.000468878151502746,0.00323903182819713,0.00243374140344438,"HS3ST1/DCN/F7/GPC1/PCSK5/MMP11/PDGFB/TGFB1/OGN/WNT3/VTN/SOD3/FMOD/SDC4/WNT1/F10/BCAN/PCSK6/HSPG2/WNT3A/WNT7A/MMP14/ACAN/SDC3/MUC3A/BGN/GPC6/PROS1/MUC1/AGRN/PRELP/PDGFA/MUC19",33
"GO:0034707","chloride channel complex","18/2759","64/22568",0.000484116159995397,0.00330629331996856,0.00248428029471322,"CFTR/GABRA1/SLC17A6/GLRA2/SLC17A7/GABRA4/GABRG2/BEST3/ANO1/TTYH3/GLRA3/GABRA6/GABRA2/CLIC6/GABRG1/CLIC4/ANO6/CLIC1",18
"GO:0031045","dense core granule","13/2759","39/22568",0.000491117281019988,0.00331642118980913,0.00249189016626345,"SYT7/ADRB1/PDYN/CALCA/GNAI2/SYT2/CRHBP/CACNA2D1/SST/SLC6A5/ADRB2/SYT9/SLC6A9",13
"GO:0098802","plasma membrane signaling receptor complex","61/2759","328/22568",0.00052338098198734,0.00349502189082657,0.00262608703242771,"CALCR/ITGA3/ITGA2B/ERBB3/TFRC/CACNG5/ITGA8/CHRNA3/ITGA6/CD40/CHRNA4/TYK2/ACVR2B/ITGA4/IL18R1/GRIN3B/CHRNB4/CHRNA2/PLP1/ACVR1C/BMP2/IL13RA1/ITGB4/IL6ST/ITGA7/IL6/ITGA11/EMILIN1/ITGAV/BMPR1B/ITGB7/ERBB2/ITGA9/OSMR/CHRNA6/DRD2/HTR3B/ITGB1/GRID2/GRIA4/GRM1/CD8A/GRIA1/IL6R/ITGA5/TGFBR2/ITGA2/CHRFAM7A/B2M/CHRNA9/CHRNA7/GPR156/GRIN1/DRD1/IFNLR1/SHISA7/SHISA6/FLNA/GRIN3A/CD247/SHISA9",61
"GO:0005901","caveola","23/2759","92/22568",0.00056164875025507,0.00370761193185527,0.0027858227844223,"SELE/EHD2/CTNNA1/ATP2B4/PLPP1/PTGS2/ADCYAP1R1/SORBS1/MLC1/CAV2/CAV1/KCNA5/FLOT2/CDH13/ADCY8/TGFBR2/CAVIN2/CAVIN3/CAVIN1/F2R/SCN5A/ASAH2/SLC22A6",23
"GO:0030136","clathrin-coated vesicle","54/2759","283/22568",0.000567554571931256,0.00370761193185527,0.0027858227844223,"CFTR/ABCB4/CD9/CD74/SLC18A1/VAMP3/TFRC/EDN1/LRP2/CPNE6/CEMIP/SLC17A7/TYRP1/SH3GL2/FOLR1/VWF/SNX3/ECE1/EREG/GAD1/APOE/SFTPD/DBNL/GAD2/SLC2A8/RAB13/SYT2/ADCY8/STEAP2/MYO1E/FZD5/CLRN1/SLC18A2/IL7R/ROR2/ADRB2/SYT9/BTC/HLA-DQB1/CHRM2/SLC2A4/EPGN/SLC18A3/HLA-DRB1/HLA-DQA1/HLA-DRB5/RASSF9/HLA-DRA/DENND1C/HLA-DPB1/HLA-DPA1/HLA-DQB2/HLA-DQA1/STON1",54
"GO:0032421","stereocilium bundle","18/2759","65/22568",0.000593994885145989,0.00383861210723376,0.00288425360189733,"USH2A/TRPA1/CALB1/CDH23/PLS1/IDO1/ESPNL/DCDC2/RHOC/KNCN/CLRN1/ADGRV1/LOXHD1/RSPH9/ESPN/LHFPL5/MYO1C/PJVK",18
"GO:0016529","sarcoplasmic reticulum","20/2759","76/22568",0.000623440004362755,0.00398603662363847,0.00299502532890954,"ANK1/SRI/CACNA1S/NOS1/P3H2/ITPR3/RASD1/TMEM109/CASQ2/CLEC18B/NOL3/JPH2/CACNA2D1/XDH/STIM1/SLN/SGCD/SLC2A4/RYR1/PLN",20
"GO:0001726","ruffle","40/2759","197/22568",0.00081734465443011,0.00517078039276312,0.00388521724931321,"CAPG/LIMA1/ABCA7/ACTN1/ASAP3/EZR/MYH9/COBL/RIGI/TRPV4/FRMD4B/WIPF1/PACSIN1/PALLD/EPS8L1/LCP1/DBNL/TLR4/TLN1/ITGAV/FGD4/TPM1/IQGAP1/ERBB2/SH3BGRL3/SNTG1/ITGB1/FGD5/SAMSN1/WASF2/ITGA5/PDPN/S100A11/FAM107A/MYADM/SPATA13/RINL/PDLIM7/MYO1C/S100A6",40
"GO:0098982","GABA-ergic synapse","23/2759","95/22568",0.000906923286937095,0.00567771766092911,0.00426611940894752,"BAIAP3/GABRA1/CDH10/CBLN4/CALB1/GABRA4/GABRG2/GAD1/GAD2/CDH13/DRD2/GABRA2/SST/ATP2B2/LRRTM1/NPY5R/KCNC2/SLITRK1/KCND2/DRD1/SLITRK2/PCLO/SLC6A17",23
"GO:0031528","microvillus membrane","13/2759","42/22568",0.0010850720723186,0.00672297232436577,0.00505150210553098,"PROM1/PTPRH/SLC7A8/EZR/SLC7A5/CUBN/ITGAV/MTTP/SLC38A4/MSN/SLC26A2/FCRL3/PDPN",13
"GO:0044291","cell-cell contact zone","20/2759","80/22568",0.00125072098576628,0.00765640585640518,0.00575286472089994,"VCL/CTNNA1/DSG2/ACTN1/DSP/KCNJ2/AHNAK/FGFRL1/KCNA5/FLOT2/ITGB1/JAM2/TMEM65/DES/SCN4B/GJC1/CTNNA3/SCN5A/NRAP/GJA5",20
"GO:0031091","platelet alpha granule","24/2759","103/22568",0.00126120495804345,0.00765640585640518,0.00575286472089994,"ITGA2B/CD9/HGF/ACTN1/ACTN2/TGFB2/PDGFB/TIMP1/TGFB1/SERPINE1/VWF/SPARC/TGFB3/CLU/ACTN4/MMRN1/LEFTY2/LHFPL2/SERPING1/CD109/A2M/PROS1/SERPINA3/PDGFA",24
"GO:0048786","presynaptic active zone","21/2759","86/22568",0.00132212644438475,0.00794597993075234,0.00597044468043218,"ITGA3/CDH10/ATP2B4/SLC17A7/CNTNAP1/GAD1/PPFIA1/UNC13C/GRIA1/ADCY8/ATP2B2/ADORA1/EGFLAM/GPER1/PPFIBP2/STX3/STX19/PCLO/GRM7/NTNG2/SCN8A",21
"GO:0098984","neuron to neuron synapse","69/2759","395/22568",0.00138466335186107,0.00823943242048025,0.00619093880092132,"SYT7/RNF19A/CACNG5/ACTN2/ITGA8/CHRNA3/NOS1/SLC8A3/NTSR1/PDYN/SYNDIG1/RS1/EEF2K/CALB1/P2RX3/CALCA/TANC1/SLC30A3/RTN4/GRIN3B/SLC16A7/C1QL1/DNAJB1/EPHB2/DBNL/SH3GL3/C1QL2/GRIP2/MAL2/ITGB1/CACNA1C/GRID2/SPOCK1/GRIA4/GRM1/TNIK/GRIA1/ADCY8/GRIP1/ATP2B2/SYN2/PDLIM5/ADORA1/FABP5/ADCY1/GPER1/BAALC/C1QL3/CHRM1/SYT9/SYNPO/GRIN1/SLITRK1/CHRM2/CADM1/SEMA4B/PCLO/RGS7BP/SHISA7/SHISA6/SH2D5/PTPRT/GRM7/SLC6A9/SCN8A/DLGAP2/GRIN3A/GRM3/SHISA9",69
"GO:0005614","interstitial matrix","6/2759","12/22568",0.00158913998557035,0.00911471094228244,0.00684860494656129,"TNC/ECM2/ADAMTSL4/EGFLAM/VWA1/VIT",6
"GO:0060198","clathrin-sculpted vesicle","6/2759","12/22568",0.00158913998557035,0.00911471094228244,0.00684860494656129,"SLC18A1/SLC17A7/GAD1/GAD2/SLC18A2/SLC18A3",6
"GO:0098966","perisynaptic extracellular matrix","6/2759","12/22568",0.00158913998557035,0.00911471094228244,0.00684860494656129,"TNC/TNR/BCAN/HAPLN3/HAPLN1/ACAN",6
"GO:0005892","acetylcholine-gated channel complex","8/2759","20/22568",0.00159242038093121,0.00911471094228244,0.00684860494656129,"CHRNA3/CHRNA4/CHRNB4/CHRNA2/CHRNA6/CHRFAM7A/CHRNA9/CHRNA7",8
"GO:0030665","clathrin-coated vesicle membrane","40/2759","204/22568",0.0016336122710649,0.00926227334820757,0.00695948028090209,"CFTR/CD9/CD74/SLC18A1/VAMP3/TFRC/LRP2/CEMIP/SLC17A7/TYRP1/SH3GL2/EREG/GAD1/APOE/DBNL/GAD2/SLC2A8/SYT2/ADCY8/FZD5/SLC18A2/IL7R/ROR2/ADRB2/SYT9/BTC/HLA-DQB1/CHRM2/EPGN/SLC18A3/HLA-DRB1/HLA-DQA1/HLA-DRB5/RASSF9/HLA-DRA/HLA-DPB1/HLA-DPA1/HLA-DQB2/HLA-DQA1/STON1",40
"GO:0030027","lamellipodium","42/2759","220/22568",0.00216011686684811,0.0120551206663382,0.00905796788835992,"PLXND1/CD44/ARHGAP31/CAPG/CTNNA1/MYLK/PXN/PIEZO1/ACTA2/TRPV4/NEDD9/DUSP22/VASP/PALLD/AJUBA/GDPD2/PDLIM4/FLOT2/DBNL/MYO1G/PLCE1/ITGAV/FGD4/RAB13/ACTA1/TIAM2/ITGB1/ENAH/FGD5/WASF2/ACTC1/PDPN/ACTG2/CLRN1/STX3/ANTXR1/KCNA2/UNC5C/SPATA13/CTNNA3/PARVB/PARVA",42
"GO:0032809","neuronal cell body membrane","10/2759","30/22568",0.00216631120127209,0.0120551206663382,0.00905796788835992,"HPCA/GRIA1/ADCY8/ATP2B2/KCNC2/CX3CR1/TACR3/CADM2/KCNA2/KCND2",10
"GO:1905286","serine-type peptidase complex","6/2759","13/22568",0.00264727579966078,0.0145964472990471,0.0109674680642634,"CFH/PLAUR/F7/F3/PLAU/COLEC10",6
"GO:0043296","apical junction complex","32/2759","159/22568",0.00296604255362972,0.0162053779521042,0.0121763852201641,"CTNNA1/YBX3/ADCYAP1R1/SORBS1/LSR/RIGI/PMP22/FRMD4B/VASP/WNK4/CLDN10/SHROOM3/KIFC3/RAB13/CRB2/MPP7/MARVELD2/JAM2/SHROOM4/F11R/PLXDC1/FZD5/CLDN1/CLDN19/SHROOM1/CLMP/PLEKHA7/SYNPO/MAPK15/IGSF5/CLDN5/CLDN6",32
"GO:0031594","neuromuscular junction","19/2759","80/22568",0.00307597385114605,0.016654597158007,0.0125139192237236,"ITGA3/MUSK/MYH9/SLC8A3/SLC5A7/LAMA5/POSTN/UNC13C/ERBB2/ITGB1/SPOCK1/GRIA1/SYNC/LAMB2/DES/F2R/LAMA2/COLQ/NEFL",19
"GO:0031258","lamellipodium membrane","8/2759","22/22568",0.00322972402632591,0.0173309298198382,0.0130221015723103,"PLXND1/CD44/PIEZO1/VASP/ITGAV/PDPN/ANTXR1/KCNA2",8
"GO:0044224","juxtaparanode region of axon","6/2759","14/22568",0.00415687272982064,0.0220578461029301,0.0165738085264156,"KCNA1/LGI3/KCNAB1/CNTNAP2/KCNA2/CNTN2",6
"GO:0030658","transport vesicle membrane","60/2759","350/22568",0.004184017397228,0.0220578461029301,0.0165738085264156,"ICA1/ABCC8/SYT7/CD74/SLC18A1/PTPRN/SEC31B/SCGN/OPRK1/CD59/SLC17A6/SYNDIG1/SLC17A7/FOLR1/SYT10/OTOF/SLC30A3/SLC5A7/SV2C/ATP8A1/LAMP5/SYT6/RAB11FIP5/DYSF/GAD2/UNC13C/SYPL2/SYT2/MAL2/DRD2/DOC2A/GABRA2/TMEM163/GRIA1/SYN2/SYNPR/SLC30A8/SLC18A2/B2M/CA4/SYT9/HLA-DQB1/SLC35D3/SV2B/SLC18A3/HLA-DRB1/SLC35F1/SLC6A9/HLA-DQA1/SLC6A17/HLA-DRB5/RASSF9/SCAMP5/HLA-DRA/HLA-C/HLA-DPB1/HLA-DPA1/HLA-DQB2/HLA-B/HLA-DQA1",60
"GO:0009898","cytoplasmic side of plasma membrane","36/2759","189/22568",0.00444150070733322,0.0232116689139762,0.0174407670795968,"ANK1/TRAF3IP2/PTPRC/RGS1/MYH9/NTSR1/TRADD/TYK2/PLEKHA4/GNB3/FRK/GNAI2/GNG11/SYT6/ESYT1/IQGAP1/STAC2/FARP1/GNA14/KIT/SHROOM4/ALOX15/GEM/GNG8/GNG4/KCNAB1/GNG12/GNG5/GRAMD2A/SAMD12/TH/SOCS3/S100A6/PTPN20/GNAT3/MYZAP",36
"GO:0044298","cell body membrane","10/2759","33/22568",0.00473682872873058,0.0245416729824748,0.018440104579178,"HPCA/GRIA1/ADCY8/ATP2B2/KCNC2/CX3CR1/TACR3/CADM2/KCNA2/KCND2",10
"GO:0097449","astrocyte projection","7/2759","19/22568",0.00535581244865277,0.0273430276147862,0.020544984406241,"KCNK2/GFAP/GRM2/GJB2/AQP4/GRM3/ADGRG1",7
"GO:0001750","photoreceptor outer segment","22/2759","102/22568",0.00536851457328581,0.0273430276147862,0.020544984406241,"PROM1/OPN3/CNGB1/PTGS1/GUCA1B/PRPH2/KIF17/PDE6B/SLC24A4/CDHR1/MERTK/DHRS3/STX3/CNGB3/PCARE/RRH/EYS/CNGA1/RD3/ABCA4/PRCD/GNAT3",22
"GO:0030139","endocytic vesicle","78/2759","481/22568",0.00549305274141133,0.0277422243494807,0.0208449325613928,"CFTR/CD9/SYT7/MARCO/CD74/EHD2/VIM/VAMP3/CYBA/TFRC/STX7/LRP2/RIN3/CPNE6/CEMIP/CAV1/NOD1/TYRP1/SH3GL2/CUBN/WNT3/RAB34/HPX/SNX3/SPARC/NCF2/WLS/RAB38/EREG/WNT1/APOE/FLOT2/SFTPD/RAB11FIP5/DYSF/FLNB/SLC2A8/ITGAV/RAB13/SYT2/DRD2/GRIA4/WNT3A/WNT7A/GRIA1/MYO1E/COLEC12/ZYX/FZD5/B2M/RAB31/IL7R/ROR2/ADRB2/SYT9/RIN1/BTC/HLA-DQB1/CHRM2/SLC9A9/EPGN/FFAR4/SLC18A3/RINL/HLA-DRB1/HLA-DQA1/MYO1C/HLA-DRB5/HLA-DRA/HLA-C/HLA-DPB1/HLA-DPA1/TAPBP/HLA-DQB2/HLA-B/HLA-DQA1/STON1/RAB7B",78
"GO:0031941","filamentous actin","9/2759","29/22568",0.00610031106656521,0.0305523912583808,0.0229564337504954,"PDLIM1/DUSP22/PDLIM2/PDLIM4/PDLIM5/ESPN/SMTNL2/PDLIM7/MYO1C",9
"GO:0072534","perineuronal net","5/2759","11/22568",0.00664454969140326,0.032817523644175,0.0246584072919714,"TNR/BCAN/HAPLN3/HAPLN1/ACAN",5
"GO:0098839","postsynaptic density membrane","23/2759","110/22568",0.00666179348517363,0.032817523644175,0.0246584072919714,"CACNG5/ACTN2/ITGA8/SYNDIG1/GRIN3B/SLC16A7/CACNA1C/GRID2/GRIA4/GRM1/GRIA1/ATP2B2/ADCY1/CHRM1/SLITRK1/SEMA4B/RGS7BP/SHISA7/SHISA6/PTPRT/SCN8A/GRIN3A/SHISA9",23
"GO:0001931","uropod","7/2759","20/22568",0.00738225433127206,0.0357801197830202,0.0268844406461436,"EZR/MYH9/PIP5K1B/BST1/SELPLG/FLOT2/MSN",7
"GO:0031143","pseudopodium","7/2759","20/22568",0.00738225433127206,0.0357801197830202,0.0268844406461436,"ACTN1/ACTN2/ACTN4/MSN/CAPN2/F2RL1/MYOZ1",7
"GO:0019898","extrinsic component of membrane","39/2759","217/22568",0.00860632471861721,0.0413792092471115,0.0310914804571518,"PLAUR/CDH10/CTNNA1/TRAF3IP2/CDH3/CDH7/CDH20/TYK2/PLEKHA4/PIK3CG/CUBN/CDH23/GNB3/FRK/CDH9/CDH6/GNAI2/CISH/GNG11/ESYT1/CDH11/CDH13/STAC2/CDH18/KIAA1755/DOC2A/CDH8/FARP1/PLEKHG4B/CDH12/GNA14/GNG8/GNG4/KCNAB1/GNG12/GNG5/GRAMD2A/SOCS3/GNAT3",39
"GO:0048787","presynaptic active zone membrane","9/2759","31/22568",0.0098048756264255,0.0465955514029443,0.0350109318712026,"ITGA3/CDH10/ATP2B4/GRIA1/ATP2B2/STX3/STX19/NTNG2/SCN8A",9
"GO:0031254","cell trailing edge","7/2759","21/22568",0.00992384455836418,0.0465955514029443,0.0350109318712026,"EZR/MYH9/PIP5K1B/BST1/SELPLG/FLOT2/MSN",7
"GO:0097038","perinuclear endoplasmic reticulum","7/2759","21/22568",0.00992384455836418,0.0465955514029443,0.0350109318712026,"DGAT2/OSBPL3/NOX4/CLU/SYT6/CAPN2/MOGAT2",7
"GO:1904090","peptidase inhibitor complex","5/2759","12/22568",0.0102555566241411,0.0477797638070449,0.035900724534937,"PLAT/SERPINE1/VTN/PLAU/SERPINB6",5
